<?xml version="1.0" encoding="UTF-8"?>
<project-private xmlns="http://www.netbeans.org/ns/project-private/1">
    <editor-bookmarks xmlns="http://www.netbeans.org/ns/editor-bookmarks/2" lastBookmarkId="0"/>
    <open-files xmlns="http://www.netbeans.org/ns/projectui-open-files/2">
        <group>
            <file>file:/Users/yashpatel/Desktop/NEU-SEM1/info5100/Info5100Lab/Lab5/assingmenet5/src/FxMain.java</file>
            <file>file:/Users/yashpatel/Desktop/NEU-SEM1/info5100/Info5100Lab/Lab5/assingmenet5/src/Controller.java</file>
        </group>
    </open-files>
</project-private>
